[
  {
    "id": "mlbb",
    "nama": "Mobile Legends",
    "dev": "Moonton",
    "deskripsi": "Mobile Legends: Bang Bang adalah game MOBA 5v5 populer buatan Moonton. Dalam game ini, dua tim saling bertarung untuk menghancurkan base lawan, sambil memilih hero dengan peran unik seperti Tank, Mage, Assassin, Marksman, dan Support. Kerja sama tim dan strategi jadi kunci kemenangan. Game ini menghadirkan peta klasik dengan tiga jalur (Top, Mid, Bottom) dan jungle penuh buff. Mode permainan bervariasi seperti Ranked dan Classic, serta grafis yang memukau membuat pengalaman bermain semakin seru. Dengan komunitas besar, update rutin, dan turnamen eSports aktif, Mobile Legends terus jadi favorit pemain MOBA di seluruh dunia.",
    "tutor": [
      "Masukkan ID dan Server (Zone ID) Mobile Legends kamu",
      "Pilih jumlah Diamond yang ingin kamu beli",
      "Pilih metode pembayaran sesuai preferensimu",
      "Masukkan kode promo kalau kamu punya!",
      "Isi nomor WhatsApp aktif untuk konfirmasi"
    ],
    "input": {
      "jumlah_input": 2,
      "inputan": [
        {
          "placeholder": "Masukkan User ID"
        },
        {
          "placeholder": "Masukkan Zone ID"
        }
      ]
    },
    "list_item": {
      "spesial_item": [
        {
          "id": 1,
          "nama_item": "MOBILE LEGENDS Weekly Diamond Pass",
          "harga": 26851
        },
        {
          "id": 2,
          "nama_item": "MOBILE LEGENDS Twilight Pass",
          "harga": 144834
        },
        {
          "id": 3,
          "nama_item": "MOBILE LEGENDS Coupon Pass",
          "harga": 69542
        },
        {
          "id": 4,
          "nama_item": "MOBILE LEGENDS Weekly Diamond 2x",
          "harga": 53854
        },
        {
          "id": 5,
          "nama_item": "MOBILE LEGENDS Weekly Diamond 3x",
          "harga": 80743
        },
        {
          "id": 6,
          "nama_item": "MOBILE LEGENDS Weekly Diamond 4x",
          "harga": 107683
        }
      ],
      "diamonds": [
        {
          "id": 1,
          "nama_item": "MOBILELEGEND - 15 Diamonds",
          "harga": 4543
        },
        {
          "id": 2,
          "nama_item": "MOBILELEGEND - 46 Diamonds",
          "harga": 1265
        },
        {
          "id": 3,
          "nama_item": "MOBILELEGEND - 85 Diamonds",
          "harga": 22466
        },
        {
          "id": 4,
          "nama_item": "MOBILELEGEND - 148 Diamonds",
          "harga": 38354
        },
        {
          "id": 5,
          "nama_item": "MOBILELEGEND - 277 Diamonds",
          "harga": 73678
        },
        {
          "id": 6,
          "nama_item": "MOBILELEGEND - 406 Diamonds",
          "harga": 105976
        },
        {
          "id": 7,
          "nama_item": "MOBILELEGEND - 750 Diamonds",
          "harga": 192329
        },
        {
          "id": 8,
          "nama_item": "MOBILELEGEND - 1136 Diamonds",
          "harga": 287383
        },
        {
          "id": 9,
          "nama_item": "MOBILELEGEND 1704 Diamonds",
          "harga": 434518
        },
        {
          "id": 10,
          "nama_item": "MOBILELEGEND - 3423 Diamonds",
          "harga": 845746
        },
        {
          "id": 11,
          "nama_item": "MOBILELEGEND - 6030 Diamonds",
          "harga": 1447635
        },
        {
          "id": 12,
          "nama_item": "MOBILELEGEND - 10050 Diamonds",
          "harga": 2412678
        }
      ]
    },
    "gambar": {
      "logo": "/data/list-game/mobile-legend.png",
      "background": "/data/list-game/mobile-legend.png",
      "petunjuk": "/data/list-game/mobile-legend.png"
    }
  },
  {
    "id": "ab",
    "nama": "Arena Breakout",
    "dev": "Tencent Games",
    "deskripsi": "Arena Breakout adalah game FPS battle royale yang menawarkan pengalaman bertempur yang intens. Pemain dapat bertempur secara solo atau tim dalam peta besar dengan berbagai senjata dan perlengkapan. Game ini mengedepankan grafis berkualitas tinggi dan kontrol responsif, serta berbagai mode permainan yang menantang dan kompetitif.",
    "tutor": [
      "Masukkan User ID Arena Breakout kamu",
      "Pilih paket item atau diamond yang ingin dibeli",
      "Pilih metode pembayaran yang tersedia",
      "Masukkan kode promo jika punya",
      "Isi nomor WhatsApp aktif untuk konfirmasi"
    ],
    "input": {
      "jumlah_input": 1,
      "inputan": [
        {
          "placeholder": "Masukkan User ID"
        }
      ]
    },
    "list_item": {
      "spesial_item": [],
      "bonds": [
        {
          "id": 1,
          "nama_item": "ARENABREAKOUT - 66 Bonds",
          "harga": 14205
        },
        {
          "id": 2,
          "nama_item": "ARENABREAKOUT - 335 Bonds",
          "harga": 69354
        },
        {
          "id": 3,
          "nama_item": "ARENABREAKOUT - 675 Bonds",
          "harga": 138795
        },
        {
          "id": 4,
          "nama_item": "ARENABREAKOUT - 1690 Bonds",
          "harga": 346345
        },
        {
          "id": 5,
          "nama_item": "ARENABREAKOUT - 3400 Bonds",
          "harga": 693453
        },
        {
          "id": 6,
          "nama_item": "ARENABREAKOUT - 6820 Bonds",
          "harga": 1386207
        }
      ]
    },
    "gambar": {
      "logo": "/data/list-game/arena-breakout.jpg",
      "background": "/data/list-game/arena-breakout.jpg",
      "petunjuk": "/data/list-game/arena-breakout.jpg"
    }
  },
  {
    "id": "bs",
    "nama": "Brawl Stars",
    "dev": "Supercell",
    "deskripsi": "Brawl Stars adalah game mobile action multiplayer yang dikembangkan oleh Supercell. Pemain bertarung dalam berbagai mode game cepat dan seru, menggunakan karakter unik yang disebut Brawlers dengan kemampuan khusus masing-masing. Game ini menawarkan gameplay yang menyenangkan dengan grafis kartun yang cerah dan komunitas pemain yang besar.",
    "tutor": [
      "Masukkan ID Pengguna Brawl Stars kamu",
      "Pilih jumlah Gems yang ingin dibeli",
      "Pilih metode pembayaran sesuai preferensi",
      "Masukkan kode promo jika ada",
      "Isi nomor WhatsApp aktif untuk proses konfirmasi"
    ],
    "input": {
      "jumlah_input": 1,
      "inputan": [
        {
          "placeholder": "Masukkan Player ID"
        }
      ]
    },
    "list_item": {
      "spesial_item": [],
      "gems": [
        {
          "id": 1,
          "nama_item": "Brawl Stars - Pass",
          "harga": 124951
        }
      ]
    },
    "gambar": {
      "logo": "/data/list-game/brawl-stars.jpg",
      "background": "/data/list-game/brawl-stars.jpg",
      "petunjuk": "/data/list-game/brawl-stars.jpg"
    }
  },
  {
    "id": "codm",
    "nama": "Call of Duty: Mobile",
    "dev": "Garena",
    "deskripsi": "Call of Duty adalah franchise game FPS yang sangat populer, menawarkan mode multiplayer dan campaign yang intens. Pada versi mobile-nya, pemain dapat bertempur dalam berbagai mode seperti Team Deathmatch, Battle Royale, dan more dengan grafis yang impresif serta kontrol yang dioptimalkan untuk perangkat mobile.",
    "tutor": [
      "Masukkan ID akun Call of Duty kamu",
      "Pilih paket COD Points yang diinginkan",
      "Pilih metode pembayaran sesuai pilihan",
      "Gunakan kode promo jika ada",
      "Masukkan nomor WhatsApp aktif untuk konfirmasi"
    ],
    "input": {
      "jumlah_input": 1,
      "inputan": [
        {
          "placeholder": "Masukkan User ID"
        }
      ]
    },
    "list_item": {
      "spesial_item": [],
      "cod_points": [
        {
          "id": 1,
          "nama_item": "Call of Duty: Mobile - 31 CP",
          "harga": 4295
        },
        {
          "id": 2,
          "nama_item": "Call of Duty: Mobile - 63 CP",
          "harga": 8583
        },
        {
          "id": 3,
          "nama_item": "Call of Duty: Mobile - 128 CP",
          "harga": 171165
        },
        {
          "id": 4,
          "nama_item": "Call of Duty: Mobile - 321 CP",
          "harga": 42833
        },
        {
          "id": 5,
          "nama_item": "Call of Duty: Mobile - 645 CP",
          "harga": 85797
        },
        {
          "id": 6,
          "nama_item": "Call of Duty: Mobile - 800 CP",
          "harga": 102951
        },
        {
          "id": 7,
          "nama_item": "Call of Duty: Mobile - 1373 CP",
          "harga": 171165
        },
        {
          "id": 8,
          "nama_item": "Call of Duty: Mobile - 3564 CP",
          "harga": 428884
        },
        {
          "id": 9,
          "nama_item": "Call of Duty: Mobile - 7656 CP",
          "harga": 857743
        }
      ]
    },
    "gambar": {
      "logo": "/data/list-game/call-of-duty.jpeg",
      "background": "/data/list-game/call-of-duty.jpeg",
      "petunjuk": "/data/list-game/call-of-duty.jpeg"
    }
  },
  {
    "id": "cr",
    "nama": "Clash Royale",
    "dev": "Supercell",
    "deskripsi": "Clash Royale adalah game strategi real-time yang menggabungkan elemen dari tower defense, card collecting, dan battle arena. Pemain mengumpulkan kartu berbagai pasukan, mantra dan bangunan, dan bertempur melawan pemain lain dalam pertandingan 1v1 atau 2v2 untuk menghancurkan menara lawan.",
    "tutor": [
      "Masukkan ID akun Clash Royale kamu",
      "Pilih jumlah Gems yang ingin dibeli",
      "Pilih metode pembayaran",
      "Masukkan kode promo jika ada",
      "Isi nomor WhatsApp aktif untuk proses konfirmasi"
    ],
    "input": {
      "jumlah_input": 1,
      "inputan": [
        {
          "placeholder": "Masukkan Player ID"
        }
      ]
    },
    "list_item": {
      "spesial_item": [
        {
          "id": 1,
          "nama_item": "Clash Royale - Diamond Pass",
          "harga": 149999
        },
        {
          "id": 2,
          "nama_item": "Clash Royale - Gold Pass",
          "harga": 74871
        }
      ],
      "gems": [
        {
          "id": 1,
          "nama_item": "Clash Royale - 88 Gems",
          "harga": 12298
        },
        {
          "id": 2,
          "nama_item": "Clash Royale - 550 Gems",
          "harga": 62350
        },
        {
          "id": 3,
          "nama_item": "Clash Royale - 1320 Gems",
          "harga": 124765
        },
        {
          "id": 4,
          "nama_item": "Clash Royale - 2750 Gems",
          "harga": 250153
        },
        {
          "id": 5,
          "nama_item": "Clash Royale - 7150 Gems",
          "harga": 623505
        },
        {
          "id": 6,
          "nama_item": "Clash Royale - 15400 Gems",
          "harga": 1249513
        }
      ]
    },
    "gambar": {
      "logo": "/data/list-game/clash-royale.jpg",
      "background": "/data/list-game/clash-royale.jpg",
      "petunjuk": "/data/list-game/clash-royale.jpg"
    }
  },
  {
    "id": "coc",
    "nama": "Clash of Clans",
    "dev": "Supercell",
    "deskripsi": "Clash of Clans adalah game strategi dan manajemen desa, dimana pemain membangun desa, melatih pasukan, dan menyerang desa pemain lain. Game ini populer karena gameplaynya yang mendalam dan komunitas yang aktif.",
    "tutor": [
      "Masukkan ID pemain Clash of Clans kamu",
      "Pilih jumlah Gems yang ingin dibeli",
      "Pilih metode pembayaran",
      "Masukkan kode promo jika ada",
      "Masukkan nomor WhatsApp aktif"
    ],
    "input": {
      "jumlah_input": 1,
      "inputan": [
        {
          "placeholder": "Masukkan Player ID"
        }
      ]
    },
    "list_item": {
      "spesial_item": [
        {
          "id": 1,
          "nama_item": "Clash of Clans - Gold Pass",
          "harga": 87390
        }
      ],
      "gems": [
        {
          "id": 1,
          "nama_item": "Clash of Clans - 88 Gems",
          "harga": 12269
        },
        {
          "id": 2,
          "nama_item": "Clash of Clans - 550 Gems",
          "harga": 62350
        },
        {
          "id": 3,
          "nama_item": "Clash of Clans - 1320 Gems",
          "harga": 124951
        },
        {
          "id": 4,
          "nama_item": "Clash of Clans - 2750 Gems",
          "harga": 250153
        },
        {
          "id": 5,
          "nama_item": "Clash of Clans - 7150 Gems",
          "harga": 623505
        }
      ]
    },
    "gambar": {
      "logo": "/data/list-game/coc.png",
      "background": "/data/list-game/coc.png",
      "petunjuk": "/data/list-game/coc.png"
    }
  },
  {
    "id": "fm2",
    "nama": "Football Master 2",
    "dev": "GALA Sports",
    "deskripsi": "Football Master 2 adalah game simulasi manajemen sepak bola yang memungkinkan pemain membangun dan mengelola tim impian mereka. Game ini menawarkan mode kompetitif, transfer pemain, serta tata letak dan strategi permainan yang realistis.",
    "tutor": [
      "Masukkan ID akun Football Master 2 kamu",
      "Pilih paket koin atau item",
      "Pilih metode pembayaran",
      "Masukkan kode promo jika ada",
      "Isi nomor WhatsApp aktif untuk mengonfirmasi"
    ],
    "input": {
      "jumlah_input": 1,
      "inputan": [
        {
          "placeholder": "Masukkan User ID"
        }
      ]
    },
    "list_item": {
      "spesial_item": [],
      "fmp": [
        {
          "id": 1,
          "nama_item": "Football Master 2 - 18 FMP",
          "harga": 3656
        },
        {
          "id": 2,
          "nama_item": "Football Master 2 - 95 FMP",
          "harga": 18284
        },
        {
          "id": 3,
          "nama_item": "Football Master 2 - 191 FMP",
          "harga": 36564
        },
        {
          "id": 4,
          "nama_item": "Football Master 2 - 382 FMP",
          "harga": 73129
        },
        {
          "id": 5,
          "nama_item": "Football Master 2 - 972 FMP",
          "harga": 182.822
        },
        {
          "id": 6,
          "nama_item": "Football Master 2 - 1944 FMP",
          "harga": 365654
        },
        {
          "id": 7,
          "nama_item": "Football Master 2 - 3888 FMP",
          "harga": 731288
        },
        {
          "id": 8,
          "nama_item": "Football Master 2 - 9900 FMP",
          "harga": 1828221
        }
      ]
    },
    "gambar": {
      "logo": "/data/list-game/football-master-2.jpg",
      "background": "/data/list-game/football-master-2.jpg",
      "petunjuk": "/data/list-game/football-master-2.jpg"
    }
  },
  {
    "id": "ff",
    "nama": "Free Fire",
    "dev": "Garena",
    "deskripsi": "Free Fire adalah game battle royale yang dikembangkan oleh Garena. Dalam game ini, 50 pemain diterjunkan ke sebuah pulau terpencil untuk bertarung dan menjadi yang terakhir bertahan hidup. Pemain bisa memilih titik pendaratan mereka sendiri, mengumpulkan senjata dan peralatan, serta menghadapi lawan di medan tempur yang terus menyusut. Dengan durasi pertandingan yang relatif singkat, sekitar 10 menit, Free Fire menawarkan aksi cepat dan menegangkan. Selain mode solo, pemain juga bisa bermain dalam duo atau squad, yang membuat permainan menjadi lebih seru dan strategis. Game ini memiliki berbagai karakter unik dengan kemampuan spesial masing-masing, serta koleksi skin senjata, bundle pakaian, dan kendaraan yang dapat dikustomisasi. Garena Free Fire juga secara rutin mengadakan event, update konten, dan kolaborasi dengan franchise terkenal, yang menjaga komunitas tetap aktif dan antusias. Game ini sangat populer di kalangan pemain mobile, khususnya di Asia Tenggara dan Amerika Latin, karena optimisasi yang baik untuk perangkat dengan spesifikasi rendah. Jika kamu mencari game battle royale dengan gameplay cepat dan penuh aksi, Free Fire adalah pilihan tepat.",
    "tutor": [
      "Masukkan User ID Free Fire kamu",
      "Pilih jumlah Diamond atau item yang ingin kamu beli",
      "Pilih metode pembayaran sesuai preferensimu",
      "Masukkan kode promo kalau kamu punya!",
      "Isi nomor WhatsApp aktif untuk konfirmasi"
    ],
    "input": {
      "jumlah_input": 1,
      "inputan": [
        {
          "placeholder": "Masukkan User ID"
        }
      ]
    },
    "list_item": {
      "spesial_item": [
        {
          "id": 1,
          "nama_item": "Free Fire Membership Mingguan",
          "harga": 27432
        },
        {
          "id": 2,
          "nama_item": "Free Fire BP Card",
          "harga": 41135
        },
        {
          "id": 3,
          "nama_item": "Free Fire Level Up Pass",
          "harga": 13714
        },
        {
          "id": 4,
          "nama_item": "Free Fire Membership Bulanan",
          "harga": 82244
        }
      ],
      "diamonds": [
        {
          "id": 1,
          "nama_item": "Free Fire - 10 Diamonds",
          "harga": 1682
        },
        {
          "id": 2,
          "nama_item": "Free Fire - 55 Diamonds",
          "harga": 7543
        },
        {
          "id": 3,
          "nama_item": "Free Fire - 120 Diamonds",
          "harga": 15287
        },
        {
          "id": 4,
          "nama_item": "Free Fire - 190 Diamonds",
          "harga": 23865
        },
        {
          "id": 5,
          "nama_item": "Free Fire - 355 Diamonds",
          "harga": 42922
        },
        {
          "id": 6,
          "nama_item": "Free Fire - 510 Diamonds",
          "harga": 62582
        },
        {
          "id": 7,
          "nama_item": "Free Fire - 800 Diamonds",
          "harga": 104234
        },
        {
          "id": 8,
          "nama_item": "Free Fire - 1450 Diamonds",
          "harga": 171569
        },
        {
          "id": 9,
          "nama_item": "Free Fire - 7290 Diamonds",
          "harga": 857734
        }
      ]
    },
    "gambar": {
      "logo": "/data/list-game/free-fire.png",
      "background": "/data/list-game/free-fire.png",
      "petunjuk": "/data/list-game/free-fire.png"
    }
  },
  {
    "id": "gu",
    "nama": "Garena Undawn",
    "dev": "Garena",
    "deskripsi": "Garena Undown adalah platform hiburan digital yang menyediakan layanan seperti game, streaming, dan layanan komunitas yang terintegrasi. Platform ini memberikan pengalaman menarik untuk para gamer dengan berbagai konten eksklusif dan acara yang interaktif.",
    "tutor": [
      "Masukkan ID pengguna Garena Undown kamu",
      "Pilih layanan yang ingin digunakan",
      "Pilih metode pembayaran",
      "Masukkan kode promo bila ada",
      "Isi nomor WhatsApp aktif untuk konfirmasi"
    ],
    "input": {
      "jumlah_input": 1,
      "inputan": [
        {
          "placeholder": "Masukkan User ID"
        }
      ]
    },
    "list_item": {
      "spesial_item": [
        {
          "id": 1,
          "nama_item": "Garena Undawn Card Mingguan",
          "harga": 27146
        },
        {
          "id": 2,
          "nama_item": "Garena Undawn Card Bulanan",
          "harga": 44969
        },
        {
          "id": 3,
          "nama_item": "Garena Undawn Growth Fund",
          "harga": 90195
        },
        {
          "id": 4,
          "nama_item": "Garena Undawn Glory Pass Premium",
          "harga": 124275
        },
        {
          "id": 5,
          "nama_item": "Garena Undawn Dana Elit Rebate Lv 80",
          "harga": 119593
        }
      ],
      "Top_Up_Instant": [
        {
          "id": 1,
          "nama_item": "Garena Undawn - 80 RC",
          "harga": 13654
        },
        {
          "id": 2,
          "nama_item": "Garena Undawn - 250 RC",
          "harga": 40058
        },
        {
          "id": 3,
          "nama_item": "Garena Undawn - 450 RC",
          "harga": 67233
        },
        {
          "id": 4,
          "nama_item": "Garena Undawn - 920 RC",
          "harga": 133.06
        },
        {
          "id": 5,
          "nama_item": "Garena Undawn - 1.850 RC",
          "harga": 264036
        },
        {
          "id": 6,
          "nama_item": "Garena Undawn - 2.800 RC",
          "harga": 396024
        },
        {
          "id": 7,
          "nama_item": "Garena Undawn - 4.750 RC",
          "harga": 659999
        },
        {
          "id": 8,
          "nama_item": "Garena Undawn - 9.600 RC",
          "harga": 1319937
        },
        {
          "id": 9,
          "nama_item": "Garena Undawn - 33.000 RC",
          "harga": 4399646
        }
      ]
    },
    "gambar": {
      "logo": "/data/list-game/garena-undown.png",
      "background": "/data/list-game/garena-undown.png",
      "petunjuk": "/data/list-game/garena-undown.png"
    }
  },
  {
    "id": "genshin",
    "nama": "Genshin Impact",
    "dev": "miHoYo",
    "deskripsi": "Genshin Impact adalah game action RPG open-world dengan grafis memukau yang menawarkan eksplorasi dunia fantastis dan pertarungan menggunakan elemen elemental. Pemain dapat mengumpulkan karakter berbeda dengan kemampuan unik dan menikmati cerita menarik serta event rutin.",
    "tutor": [
      "Masukkan UID Genshin Impact kamu",
      "Pilih paket gem yang ingin kamu beli",
      "Pilih metode pembayaran",
      "Masukkan kode promo jika ada",
      "Isi nomor WhatsApp aktif untuk konfirmasi"
    ],
    "input": {
      "jumlah_input": 2,
      "inputan": [
        {
          "placeholder": "Masukkan User ID"
        },
        {
          "placeholder": "Masukkan UID"
        }
      ]
    },
    "list_item": {
      "spesial_item": [
        {
          "id": 1,
          "nama_item": "Ghensin Impact Blessing of the Welkin Moon",
          "harga": 59304
        },
        {
          "id": 2,
          "nama_item": "Ghensin Impact Blessing of the Welkin Moon 2x",
          "harga": 118583
        },
        {
          "id": 3,
          "nama_item": "Ghensin Impact Blessing of the Welkin Moon 3x",
          "harga": 177862
        }
      ],
      "diamonds": [
        {
          "id": 1,
          "nama_item": "Ghensin Impact - 60 Genesis Crystal",
          "harga": 11615
        },
        {
          "id": 2,
          "nama_item": "Ghensin Impact - 300+30 Genesis Crystal",
          "harga": 59304
        },
        {
          "id": 3,
          "nama_item": "Ghensin Impact - 980+110 Genesis Crystal",
          "harga": 178492
        },
        {
          "id": 4,
          "nama_item": "Ghensin Impact - 1980+260 Genesis Crystal",
          "harga": 387070
        },
        {
          "id": 5,
          "nama_item": "Ghensin Impact - 3280+600 Genesis Crystal",
          "harga": 595650
        },
        {
          "id": 6,
          "nama_item": "Ghensin Impact - 6480+1600 Genesis Crystal",
          "harga": 1191589
        }
      ]
    },
    "gambar": {
      "logo": "/data/list-game/genshin.jpg",
      "background": "/data/list-game/genshin.jpg",
      "petunjuk": "/data/list-game/genshin.jpg"
    }
  },
  {
    "id": "hayday",
    "nama": "Hay Day",
    "dev": "Supercell",
    "deskripsi": "Hay Day adalah game simulasi pertanian yang dikembangkan oleh Supercell, di mana pemain dapat menanam tanaman, memelihara hewan, dan mengelola peternakan mereka sendiri. Game ini menekankan aspek sosial dengan fitur bertukar barang antar pemain.",
    "tutor": [
      "Masukkan ID pengguna Hay Day kamu",
      "Pilih jumlah koin/gem yang ingin dibeli",
      "Pilih metode pembayaran",
      "Masukkan kode promo jika ada",
      "Masukkan nomor WhatsApp aktif"
    ],
    "input": {
      "jumlah_input": 1,
      "inputan": [
        {
          "placeholder": "Masukkan Player ID"
        }
      ]
    },
    "list_item": {
      "spesial_item": [
        {
          "id": 1,
          "nama_item": "Hayday - Farm Pass",
          "harga": 62350
        }
      ],
      "diamonds": [
        {
          "id": 1,
          "nama_item": "Hay Day - 55 Diamonds",
          "harga": 24790
        },
        {
          "id": 2,
          "nama_item": "Hay Day - 143 Diamonds",
          "harga": 62350
        },
        {
          "id": 3,
          "nama_item": "Hay Day - 303 Diamonds",
          "harga": 124951
        },
        {
          "id": 4,
          "nama_item": "Hay Day - 627 Diamonds",
          "harga": 250153
        },
        {
          "id": 5,
          "nama_item": "Hay Day - 1650 Diamonds",
          "harga": 498302
        },
        {
          "id": 6,
          "nama_item": "Hay Day -  4400 Diamonds",
          "harga": 1249513
        }
      ]
    },
    "gambar": {
      "logo": "/data/list-game/hay-day.jpg",
      "background": "/data/list-game/hay-day.jpg",
      "petunjuk": "/data/list-game/hay-day.jpg"
    }
  },
  {
    "id": "lol",
    "nama": "League of Legends: Wild Rift",
    "dev": "Riot Games",
    "deskripsi": "League of Legends adalah game MOBA legendaris yang dikembangkan oleh Riot Games. Pemain bertarung dalam tim 5v5 dengan tujuan menghancurkan Nexus lawan menggunakan strategi dan keterampilan karakter dengan kemampuan berbeda.",
    "tutor": [
      "Masukkan ID Riot Games kamu",
      "Pilih paket RP (Riot Points) yang diinginkan",
      "Pilih metode pembayaran",
      "Gunakan kode promo jika ada",
      "Isi nomor WhatsApp aktif untuk konfirmasi"
    ],
    "input": {
      "jumlah_input": 1,
      "inputan": [
        {
          "placeholder": "Masukkan Riot ID"
        }
      ]
    },
    "list_item": {
      "spesial_item": [],
      "riot_points": [
        {
          "id": 1,
          "nama_item": "105 Wild Cores",
          "harga": 14240
        },
        {
          "id": 2,
          "nama_item": "350 Wild Cores",
          "harga": 47476
        },
        {
          "id": 3,
          "nama_item": "585 Wild Cores",
          "harga": 75946
        },
        {
          "id": 4,
          "nama_item": "1135 Wild Cores",
          "harga": 114240
        },
        {
          "id": 5,
          "nama_item": "1660 Wild Cores",
          "harga": 199358
        },
        {
          "id": 6,
          "nama_item": "3010 Wild Cores",
          "harga": 341765
        }
      ]
    },
    "gambar": {
      "logo": "/data/list-game/league-of-legends.png",
      "background": "/data/list-game/league-of-legends.png",
      "petunjuk": "/data/list-game/league-of-legends.png"
    }
  },
  {
    "id": "lm",
    "nama": "Lords Mobile",
    "dev": "IGG",
    "deskripsi": "Lords Mobile adalah game strategi real-time yang menggabungkan pembangunan kerajaan, pertempuran PvP, dan elemen RPG. Pemain membangun kerajaan, melatih pasukan, dan bertarung untuk menguasai dunia game secara global.",
    "tutor": [
      "Masukkan ID pemain Lords Mobile kamu",
      "Pilih paket gems atau item",
      "Pilih metode pembayaran",
      "Gunakan kode promo bila ada",
      "Masukkan nomor WhatsApp aktif"
    ],
    "input": {
      "jumlah_input": 1,
      "inputan": [
        {
          "placeholder": "Masukkan Player ID"
        }
      ]
    },
    "list_item": {
      "spesial_item": [],
      "gems": [
        {
          "id": 1,
          "nama_item": "Lords Mobile - 39 Diamonds",
          "harga": 8055
        },
        {
          "id": 2,
          "nama_item": "Lords Mobile - 79 Diamonds",
          "harga": 16026
        },
        {
          "id": 3,
          "nama_item": "Lords Mobile - 195 Diamonds",
          "harga": 33771
        },
        {
          "id": 4,
          "nama_item": "Lords Mobile - 395 Diamonds",
          "harga": 67749
        },
        {
          "id": 5,
          "nama_item": "Lords Mobile - 785 Diamonds",
          "harga": 135394
        },
        {
          "id": 6,
          "nama_item": "Lords Mobile - 1179 Diamonds",
          "harga": 203038
        },
        {
          "id": 7,
          "nama_item": "Lords Mobile - 1964 Diamonds",
          "harga": 337669
        },
        {
          "id": 8,
          "nama_item": "Lords Mobile - 3928 Diamonds",
          "harga": 676651
        },
        {
          "id": 9,
          "nama_item": "Lords Mobile - 7857 Diamonds",
          "harga": 1353199
        }
      ]
    },
    "gambar": {
      "logo": "/data/list-game/lords-mobile.png",
      "background": "/data/list-game/lords-mobile.png",
      "petunjuk": "/data/list-game/lords-mobile.png"
    }
  },
  {
    "id": "ms",
    "nama": "Marvel Snap",
    "dev": "Second Dinner",
    "deskripsi": "Marvel Snap adalah game kartu digital cepat dengan karakter-karakter Marvel yang ikonik. Pemain bertarung dalam pertandingan singkat menggunakan deck yang terdiri dari karakter favorit dan strategi cerdas.",
    "tutor": [
      "Masukkan ID pemain Marvel Snap kamu",
      "Pilih paket kartu atau gems",
      "Pilih metode pembayaran",
      "Masukkan kode promo jika ada",
      "Isi nomor WhatsApp aktif"
    ],
    "input": {
      "jumlah_input": 1,
      "inputan": [
        {
          "placeholder": "Masukkan Player ID"
        }
      ]
    },
    "list_item": {
      "spesial_item": [],
      "gems": []
    },
    "gambar": {
      "logo": "/data/list-game/marvel-snap.jpg",
      "background": "/data/list-game/marvel-snap.jpg",
      "petunjuk": "/data/list-game/marvel-snap.jpg"
    }
  },
  {
    "id": "pb",
    "nama": "Point Blank",
    "dev": "Zepetto",
    "deskripsi": "Point Blank adalah game FPS online yang sangat populer di Indonesia dan Asia Tenggara. Game ini menawarkan berbagai mode permainan dan senjata unik dengan gameplay cepat dan kompetitif.",
    "tutor": [
      "Masukkan ID akun Point Blank kamu",
      "Pilih paket Cash atau item",
      "Pilih metode pembayaran",
      "Gunakan kode promo jika ada",
      "Masukkan nomor WhatsApp aktif"
    ],
    "input": {
      "jumlah_input": 1,
      "inputan": [
        {
          "placeholder": "Masukkan User ID"
        }
      ]
    },
    "list_item": {
      "instan": [
        {
          "id": 1,
          "nama_item": "1.200 PB Cash",
          "harga": 8973
        },
        {
          "id": 2,
          "nama_item": "2.400 PB Cash",
          "harga": 17955
        },
        {
          "id": 3,
          "nama_item": "6000 PB Cash",
          "harga": 44892
        },
        {
          "id": 4,
          "nama_item": "12.000 PB Cash",
          "harga": 89688
        },
        {
          "id": 5,
          "nama_item": "24.000 PB Cash",
          "harga": 181497
        },
        {
          "id": 6,
          "nama_item": "36.000 PB Cash",
          "harga": 270680
        }
      ],
      "voucher": [
        {
          "id": 1,
          "nama_item": "Voucher 1.200 PB Cash",
          "harga": 9045
        },
        {
          "id": 2,
          "nama_item": "Voucher 2.400 PB Cash",
          "harga": 18089
        },
        {
          "id": 3,
          "nama_item": "Voucher 24.000 PB Cash",
          "harga": 180815
        },
        {
          "id": 4,
          "nama_item": "Voucher 36.000 PB Cash",
          "harga": 271210
        },
        {
          "id": 5,
          "nama_item": "Voucher 60.000 PB Cash",
          "harga": 452000
        }
      ]
    },
    "gambar": {
      "logo": "/data/list-game/point-blank.jpg",
      "background": "/data/list-game/point-blank.jpg",
      "petunjuk": "/data/list-game/point-blank.jpg"
    }
  },
  {
    "id": "pubgm",
    "nama": "PUBG Mobile",
    "dev": "Tencent Games",
    "deskripsi": "PUBG Mobile adalah game battle royale yang sangat populer, di mana 100 pemain terjun ke sebuah pulau dan bertarung dengan berbagai senjata untuk bertahan hidup hingga akhir. Game menawarkan mode solo, duo, dan squad dengan grafis realistis dan gameplay intens.",
    "tutor": [
      "Masukkan User ID PUBG Mobile kamu",
      "Pilih paket UC (Unknown Cash) yang ingin dibeli",
      "Pilih metode pembayaran",
      "Masukkan kode promo jika ada",
      "Isi nomor WhatsApp aktif untuk konfirmasi"
    ],
    "input": {
      "jumlah_input": 1,
      "inputan": [
        {
          "placeholder": "Masukkan User ID"
        }
      ]
    },
    "list_item": {
      "spesial_item": [
        {
          "id": 1,
          "nama_item": "Pubg Elite Pass Plus",
          "harga": 361455
        },
        {
          "id": 2,
          "nama_item": "Pubg Royale Pass",
          "harga": 141565
        }
      ],
      "indo": [
        {
          "id": 1,
          "nama_item": "PUBG MOBILE 30 UC",
          "harga": 6947
        },
        {
          "id": 2,
          "nama_item": "PUBG MOBILE 60 UC",
          "harga": 14160
        },
        {
          "id": 3,
          "nama_item": "PUBG MOBILE 240 UC",
          "harga": 56985
        },
        {
          "id": 4,
          "nama_item": "PUBG MOBILE 445 UC",
          "harga": 100395
        },
        {
          "id": 5,
          "nama_item": "PUBG MOBILE 660 UC",
          "harga": 140409
        },
        {
          "id": 6,
          "nama_item": "PUBG MOBILE 840 UC",
          "harga": 186699
        },
        {
          "id": 7,
          "nama_item": "PUBG MOBILE 1105 UC",
          "harga": 244348
        },
        {
          "id": 8,
          "nama_item": "PUBG MOBILE 1500 UC",
          "harga": 330652
        },
        {
          "id": 9,
          "nama_item": "PUBG MOBILE 2785 UC",
          "harga": 566232
        }
      ],
      "global": [
        {
          "id": 1,
          "nama_item": "600 UC",
          "harga": 130000
        },
        {
          "id": 2,
          "nama_item": "600 UC",
          "harga": 130000
        },
        {
          "id": 3,
          "nama_item": "600 UC",
          "harga": 130000
        },
        {
          "id": 4,
          "nama_item": "600 UC",
          "harga": 130000
        },
        {
          "id": 5,
          "nama_item": "600 UC",
          "harga": 130000
        },
        {
          "id": 6,
          "nama_item": "600 UC",
          "harga": 130000
        }
      ]
    },
    "gambar": {
      "logo": "/data/list-game/pubg.jpg",
      "background": "/data/list-game/pubg.jpg",
      "petunjuk": "/data/list-game/pubg.jpg"
    }
  },
  {
    "id": "rx",
    "nama": "RAGNAROK X: NEXT GENERATION",
    "dev": "PIPO (HK) Limited",
    "deskripsi": "Ragnarok X adalah game MMORPG mobile yang diadaptasi dari Ragnarok Online klasik. Pemain dapat memilih berbagai job, menjelajahi dunia fantasi yang luas, serta berinteraksi dan bertarung bersama pemain lain.",
    "tutor": [
      "Masukkan User ID Ragnarok X kamu",
      "Pilih paket Zeny atau item",
      "Pilih metode pembayaran",
      "Masukkan kode promo jika ada",
      "Isi nomor WhatsApp aktif"
    ],
    "input": {
      "jumlah_input": 1,
      "inputan": [
        {
          "placeholder": "Masukkan User ID"
        }
      ]
    },
    "list_item": {
      "package": [
        {
          "id": 1,
          "nama_item": "Oath Of Bond (Kafra Clairice)",
          "harga": 585935
        },
        {
          "id": 2,
          "nama_item": "Assurance Of Exclusivity (Kafra Telling)",
          "harga": 367800
        }
      ],
      "diamonds": [
        {
          "id": 1,
          "nama_item": "2080 Diamonds",
          "harga": 64062
        },
        {
          "id": 2,
          "nama_item": "4150 Diamonds",
          "harga": 128655
        },
        {
          "id": 3,
          "nama_item": "6910 Diamonds",
          "harga": 214865
        },
        {
          "id": 4,
          "nama_item": "10540 Diamonds",
          "harga": 325475
        },
        {
          "id": 5,
          "nama_item": "19380 Diamonds",
          "harga": 504764
        },
        {
          "id": 6,
          "nama_item": "32180 Diamonds",
          "harga": 976704
        },
        {
          "id": 7,
          "nama_item": "53050 Diamonds",
          "harga": 1627654
        },
        {
          "id": 8,
          "nama_item": "98100 Diamonds",
          "harga": 2522745
        },
        {
          "id": 9,
          "nama_item": "172190 Diamonds",
          "harga": 5111073
        }
      ]
    },
    "gambar": {
      "logo": "/data/list-game/ragnarok-x.jpg",
      "background": "/data/list-game/ragnarok-x.jpg",
      "petunjuk": "/data/list-game/ragnarok-x.jpg"
    }
  },
  {
    "id": "rok",
    "nama": "Rise of Kingdoms",
    "dev": "Lilith Games",
    "deskripsi": "Rise of Kingdoms adalah game strategi real-time yang memungkinkan pemain membangun peradaban, menjelajah dunia, serta berperang dengan pemain lain atau bergabung dalam aliansi.",
    "tutor": [
      "Masukkan ID pemain Rise of Kingdoms kamu",
      "Pilih paket gems atau item",
      "Pilih metode pembayaran",
      "Gunakan kode promo bila ada",
      "Isi nomor WhatsApp aktif"
    ],
    "input": {
      "jumlah_input": 1,
      "inputan": [
        {
          "placeholder": "Masukkan Player ID"
        }
      ]
    },
    "list_item": {
      "spesial_item": [],
      "gems": []
    },
    "gambar": {
      "logo": "/data/list-game/rise-of-kingdom.jpg",
      "background": "/data/list-game/rise-of-kingdom.jpg",
      "petunjuk": "/data/list-game/rise-of-kingdom.jpg"
    }
  },
  {
    "id": "ss",
    "nama": "Saint Seiya: Awakening",
    "dev": "Bandai Namco",
    "deskripsi": "Saint Seiya adalah game action RPG yang diadaptasi dari anime populer dengan karakter-karakter legendaris yang berjuang dalam pertarungan epik. Game ini menampilkan grafis 3D dan skill unik untuk setiap karakter.",
    "tutor": [
      "Masukkan User ID Saint Seiya kamu",
      "Pilih paket item atau gems",
      "Pilih metode pembayaran",
      "Masukkan kode promo jika ada",
      "Isi nomor WhatsApp aktif"
    ],
    "input": {
      "jumlah_input": 2,
      "inputan": [
        {
          "placeholder": "Masukkan User ID"
        },
        {
          "placeholder": "Masukkan User ID"
        }
      ]
    },
    "list_item": {
      "spesial_item": [],
      "coupon": [
        {
          "id": 1,
          "nama_item": "Saint Seiya - 60 Coupon",
          "harga": 13986
        },
        {
          "id": 2,
          "nama_item": "Saint Seiya - 300 Coupon",
          "harga": 67935
        },
        {
          "id": 3,
          "nama_item": "Saint Seiya - 600 Coupon",
          "harga": 136745
        },
        {
          "id": 4,
          "nama_item": "Saint Seiya - 1200 Coupon",
          "harga": 272072
        },
        {
          "id": 5,
          "nama_item": "Saint Seiya - 1800 Coupon",
          "harga": 408108
        },
        {
          "id": 6,
          "nama_item": "Saint Seiya - 3000 Coupon",
          "harga": 680180
        }
      ]
    },
    "gambar": {
      "logo": "/data/list-game/saint-seiya.jpg",
      "background": "/data/list-game/saint-seiya.jpg",
      "petunjuk": "/data/list-game/saint-seiya.jpg"
    }
  },
  {
    "id": "sm",
    "nama": "Sauge Man",
    "dev": "Sauge Games",
    "deskripsi": "Sauge Man adalah game action adventure dengan gameplay yang seru dan grafis menarik. Pemain menjalankan misi untuk melawan musuh dan menyelesaikan tantangan dalam dunia yang terbuka dan penuh aksi.",
    "tutor": [
      "Masukkan ID pengguna Sauge Man kamu",
      "Pilih paket item yang ingin dibeli",
      "Pilih metode pembayaran",
      "Masukkan kode promo bila ada",
      "Isi nomor WhatsApp untuk konfirmasi"
    ],
    "input": {
      "jumlah_input": 1,
      "inputan": [
        {
          "placeholder": "Masukkan Player ID"
        }
      ]
    },
    "list_item": {
      "spesial_item": [],
      "coins": [
        {
          "id": 1,
          "nama_item": "Sausage Man - 61 Candies",
          "harga": 12407
        },
        {
          "id": 2,
          "nama_item": "Sausage Man - 186 Candies",
          "harga": 37743
        },
        {
          "id": 3,
          "nama_item": "Sausage Man - 318 Candies",
          "harga": 62872
        },
        {
          "id": 4,
          "nama_item": "Sausage Man - 686 Candies",
          "harga": 126080
        },
        {
          "id": 5,
          "nama_item": "Sausage Man - 1378 Candies",
          "harga": 252635
        },
        {
          "id": 6,
          "nama_item": "Sausage Man - 2118 Candies",
          "harga": 376730
        },
        {
          "id": 7,
          "nama_item": "Sausage Man - 3548 Candies",
          "harga": 629572
        },
        {
          "id": 8,
          "nama_item": "Sausage Man - 7108 Candies",
          "harga": 1261626
        }
      ]
    },
    "gambar": {
      "logo": "/data/list-game/sauge-man.jpeg",
      "background": "/data/list-game/sauge-man.jpeg",
      "petunjuk": "/data/list-game/sauge-man.jpeg"
    }
  },
  {
    "id": "seal",
    "nama": "Seal Online : Blade of Desnity",
    "dev": "Grigon Entertainment, YNK Games",
    "deskripsi": "Seal M adalah game MMORPG fantasy dengan desain imut dan gameplay yang menyenangkan. Pemain dapat menjelajah dunia luas dan bertarung melawan monster serta pemain lain dalam berbagai mode.",
    "tutor": [
      "Masukkan User ID Seal M kamu",
      "Pilih paket gems atau item yang diinginkan",
      "Pilih metode pembayaran",
      "Masukkan kode promo jika ada",
      "Isi nomor WhatsApp aktif"
    ],
    "input": {
      "jumlah_input": 0,
      "inputan": []
    },
    "list_item": {
      "spesial_item": [],
      "gems": [
        {
          "id": 1,
          "nama_item": "PLAYWITH 500 RPs",
          "harga": 90000
        },
        {
          "id": 2,
          "nama_item": "PLAYWITH 1000 RPs",
          "harga": 179000
        },
        {
          "id": 3,
          "nama_item": "PLAYWITH 2500 RPs",
          "harga": 447500
        },
        {
          "id": 4,
          "nama_item": "PLAYWITH 5000 RPs",
          "harga": 895000
        }
      ]
    },
    "gambar": {
      "logo": "/data/list-game/seal-m.png",
      "background": "/data/list-game/seal-m.png",
      "petunjuk": "/data/list-game/seal-m.png"
    }
  },
  {
    "id": "sof",
    "nama": "State of Survival",
    "dev": "FunPlus International AG",
    "deskripsi": "State of Survival adalah game strategi dan survival dengan tema dunia pasca-apokaliptik. Pemain harus membangun markas, bertahan melawan zombie, dan bekerjasama dengan pemain lain dalam aliansi.",
    "tutor": [
      "Masukkan ID pemain State of Survival kamu",
      "Pilih paket gems atau item yang ingin dibeli",
      "Pilih metode pembayaran",
      "Masukkan kode promo jika ada",
      "Isi nomor WhatsApp aktif untuk proses konfirmasi"
    ],
    "input": {
      "jumlah_input": 1,
      "inputan": [
        {
          "placeholder": "Masukkan Player ID"
        }
      ]
    },
    "list_item": {
      "spesial_item": [],
      "gems": [
        {
          "id": 1,
          "nama_item": "State of Survival - 100 Diamonds",
          "harga": 17790
        },
        {
          "id": 2,
          "nama_item": "State of Survival - 500 Diamonds",
          "harga": 87680
        },
        {
          "id": 3,
          "nama_item": "State of Survival - 1000 Diamonds",
          "harga": 178567
        },
        {
          "id": 4,
          "nama_item": "State of Survival - 2000 Diamonds",
          "harga": 365190
        },
        {
          "id": 5,
          "nama_item": "State of Survival - 5000 Diamonds",
          "harga": 886890
        },
        {
          "id": 6,
          "nama_item": "State of Survival - 10000 Diamonds",
          "harga": 1774890
        },
        {
          "id": 7,
          "nama_item": "State of Survival - 20000 Diamonds",
          "harga": 3651900
        },
        {
          "id": 8,
          "nama_item": "State of Survival - 50000 Diamonds",
          "harga": 8868900
        },
        {
          "id": 9,
          "nama_item": "State of Survival - 100000 Diamonds",
          "harga": 17749999
        }
      ]
    },
    "gambar": {
      "logo": "/data/list-game/state-of-survival.png",
      "background": "/data/list-game/state-of-survival.png",
      "petunjuk": "/data/list-game/state-of-survival.png"
    }
  },
  {
    "id": "stumble",
    "nama": "Stumble Guys",
    "dev": "Kitka Games",
    "deskripsi": "Stumble Guys adalah game battle royale party dengan gameplay yang lucu dan ringan. Pemain berlomba melewati rintangan aneh dan lucu untuk menjadi yang terakhir bertahan dalam pertandingan multipemain yang seru.",
    "tutor": [
      "Masukkan ID pemain Stumble Guys kamu",
      "Pilih paket skins atau item",
      "Pilih metode pembayaran",
      "Gunakan kode promo jika ada",
      "Isi nomor WhatsApp aktif untuk konfirmasi"
    ],
    "input": {
      "jumlah_input": 1,
      "inputan": [
        {
          "placeholder": "Masukkan Player ID"
        }
      ]
    },
    "list_item": {
      "spesial_item": [
        {
          "id": 1,
          "nama_item": "Crate of Gems (1600 Gems + 75 Tokens)",
          "harga": 50000
        },
        {
          "id": 2,
          "nama_item": "Vault of Gems (5000 Gems + 275 Tokens)",
          "harga": 125874
        },
        {
          "id": 3,
          "nama_item": "Vault of Stumble Tokens (1300)",
          "harga": 238745
        }
      ],
      "gems_&_token": [
        {
          "id": 1,
          "nama_item": "Pile of Gems 250",
          "harga": 10735
        },
        {
          "id": 2,
          "nama_item": "Bag of Gems 800",
          "harga": 28645
        },
        {
          "id": 3,
          "nama_item": "Pile of Stumble Tokens 120",
          "harga": 34634
        }
      ]
    },
    "gambar": {
      "logo": "/data/list-game/stumble.png",
      "background": "/data/list-game/stumble.png",
      "petunjuk": "/data/list-game/stumble.png"
    }
  },
  {
    "id": "valo",
    "nama": "Valorant",
    "dev": "Riot Games",
    "deskripsi": "Valorant adalah game FPS taktis 5v5 yang menggabungkan kemampuan agen unik dengan gameplay berbasis tembakan. Pemain bekerja sama strategis untuk mengalahkan tim lawan dalam berbagai mode kompetitif dan non-kompetitif.",
    "tutor": [
      "Masukkan Riot ID Valorant kamu",
      "Pilih paket Valorant Points (VP)",
      "Pilih metode pembayaran",
      "Masukkan kode promo jika ada",
      "Isi nomor WhatsApp aktif untuk konfirmasi"
    ],
    "input": {
      "jumlah_input": 1,
      "inputan": [
        {
          "placeholder": "Masukkan Riot ID"
        }
      ]
    },
    "list_item": {
      "spesial_item": [],
      "valorant_points": [
        {
          "id": 1,
          "nama_item": "Valorant 475 VP",
          "harga": 52279
        },
        {
          "id": 2,
          "nama_item": "Valorant 1.000 VP",
          "harga": 104512
        },
        {
          "id": 3,
          "nama_item": "Valorant 2.050 VP",
          "harga": 208999
        },
        {
          "id": 4,
          "nama_item": "Valorant 3.050 VP",
          "harga": 313799
        },
        {
          "id": 5,
          "nama_item": "Valorant 5.350 VP",
          "harga": 522846
        },
        {
          "id": 6,
          "nama_item": "Valorant 8.990 VP",
          "harga": 885197
        },
        {
          "id": 7,
          "nama_item": "Valorant 11.000 VP",
          "harga": 1055892
        },
        {
          "id": 8,
          "nama_item": "Valorant 14.650 VP",
          "harga": 1400635
        },
        {
          "id": 9,
          "nama_item": "Valorant 22.000 VP",
          "harga": 2060735
        }
      ]
    },
    "gambar": {
      "logo": "/data/list-game/valorant.jpg",
      "background": "/data/list-game/valorant.jpg",
      "petunjuk": "/data/list-game/valorant.jpg"
    }
  }
]
