[
  {
    "id": "mlbb",
    "rating": 5,
    "comment": "Top up kilat! Baru transfer, langsung masuk. Suka banget!",
    "time": {
      "hour": "18:38:01",
      "date": "2025-05-12"
    },
    "product": "1x QYT Mobile Legends 443 Diamonds"
  },
  {
    "id": "mlbb",
    "rating": 4,
    "comment": "Prosesnya cukup cepat, meskipun sempat ragu awalnya. Tapi aman kok.",
    "time": {
      "hour": "09:12:45",
      "date": "2025-05-11"
    },
    "product": "1x QYT Mobile Legends 275 Diamonds"
  },
  {
    "id": "mlbb",
    "rating": 5,
    "comment": "Udah langganan dari dulu. Gak pernah zonk, CS-nya juga responsif.",
    "time": {
      "hour": "14:25:30",
      "date": "2025-05-10"
    },
    "product": "1x QYT Mobile Legends 566 Diamonds"
  },
  {
    "id": "mlbb",
    "rating": 4,
    "comment": "Agak nunggu 2 menit, tapi tetep masuk dan aman. Recommended.",
    "time": {
      "hour": "20:05:15",
      "date": "2025-05-08"
    },
    "product": "1x QYT Mobile Legends 700 Diamonds"
  }
]
