[
  {
    "id_transaksi": "INV00123",
    "id_game": "mlbb",
    "nama_game": "Mobile Legends",
    "id_user_game": "123456789",
    "zone_id": "1122",
    "item": {
      "id": 2,
      "nama_item": "172 Diamonds",
      "harga": 40000
    },
    "metode_pembayaran": {
      "kategori": "e_wallet",
      "nama": "DANA"
    },
    "no_wa": "628123456789",
    "waktu_transaksi": {
      "tanggal": "18/05/2025",
      "jam": "18:38:30"
    },
    "status": "pending"
  },
  {
    "id_transaksi": "INV00133",
    "id_game": "ff",
    "nama_game": "Free Fire",
    "id_user_game": "725476",
    "item": {
      "id": 2,
      "nama_item": "172 Diamonds",
      "harga": 40000
    },
    "metode_pembayaran": {
      "kategori": "e_wallet",
      "nama": "DANA"
    },
    "no_wa": "628123456789",
    "waktu_transaksi": {
      "tanggal": "18/05/2025",
      "jam": "18:38:30"
    },
    "status": "succes"
  }
]
